{
  "deny": {
    "precision": 1.0,
    "recall": 0.8,
    "f1-score": 0.888888888888889,
    "support": 5,
    "confused_with": {
      "affirm": 1
    }
  },
  "inform": {
    "precision": 0.9920634920634921,
    "recall": 1.0,
    "f1-score": 0.9960159362549801,
    "support": 125,
    "confused_with": {}
  },
  "affirm": {
    "precision": 0.875,
    "recall": 0.875,
    "f1-score": 0.875,
    "support": 8,
    "confused_with": {
      "thankyou": 1
    }
  },
  "request_info": {
    "precision": 1.0,
    "recall": 1.0,
    "f1-score": 1.0,
    "support": 3,
    "confused_with": {}
  },
  "greet": {
    "precision": 1.0,
    "recall": 0.6666666666666666,
    "f1-score": 0.8,
    "support": 3,
    "confused_with": {
      "inform": 1
    }
  },
  "thankyou": {
    "precision": 0.8,
    "recall": 1.0,
    "f1-score": 0.888888888888889,
    "support": 4,
    "confused_with": {}
  },
  "accuracy": 0.9797297297297297,
  "macro avg": {
    "precision": 0.944510582010582,
    "recall": 0.8902777777777778,
    "f1-score": 0.9081322856721264,
    "support": 148
  },
  "weighted avg": {
    "precision": 0.981134706134706,
    "recall": 0.9797297297297297,
    "f1-score": 0.9790675137288684,
    "support": 148
  }
}