{
  "deny": {
    "precision": 0.8,
    "recall": 0.8,
    "f1-score": 0.8000000000000002,
    "support": 5,
    "confused_with": {
      "inform": 1
    }
  },
  "inform": {
    "precision": 0.992,
    "recall": 0.992,
    "f1-score": 0.992,
    "support": 125,
    "confused_with": {
      "affirm": 1
    }
  },
  "affirm": {
    "precision": 0.7777777777777778,
    "recall": 0.875,
    "f1-score": 0.823529411764706,
    "support": 8,
    "confused_with": {
      "deny": 1
    }
  },
  "request_info": {
    "precision": 1.0,
    "recall": 1.0,
    "f1-score": 1.0,
    "support": 3,
    "confused_with": {}
  },
  "greet": {
    "precision": 1.0,
    "recall": 1.0,
    "f1-score": 1.0,
    "support": 3,
    "confused_with": {}
  },
  "thankyou": {
    "precision": 1.0,
    "recall": 0.75,
    "f1-score": 0.8571428571428571,
    "support": 4,
    "confused_with": {
      "affirm": 1
    }
  },
  "accuracy": 0.972972972972973,
  "macro avg": {
    "precision": 0.9282962962962964,
    "recall": 0.9028333333333333,
    "f1-score": 0.9121120448179272,
    "support": 148
  },
  "weighted avg": {
    "precision": 0.9744744744744746,
    "recall": 0.972972972972973,
    "f1-score": 0.9730865319100612,
    "support": 148
  }
}