{
  "deny": {
    "precision": 0.8333333333333334,
    "recall": 1.0,
    "f1-score": 0.9090909090909091,
    "support": 5,
    "confused_with": {}
  },
  "inform": {
    "precision": 1.0,
    "recall": 0.984,
    "f1-score": 0.9919354838709677,
    "support": 125,
    "confused_with": {
      "deny": 1,
      "affirm": 1
    }
  },
  "affirm": {
    "precision": 0.8888888888888888,
    "recall": 1.0,
    "f1-score": 0.9411764705882353,
    "support": 8,
    "confused_with": {}
  },
  "request_info": {
    "precision": 1.0,
    "recall": 1.0,
    "f1-score": 1.0,
    "support": 3,
    "confused_with": {}
  },
  "greet": {
    "precision": 1.0,
    "recall": 1.0,
    "f1-score": 1.0,
    "support": 3,
    "confused_with": {}
  },
  "thankyou": {
    "precision": 1.0,
    "recall": 1.0,
    "f1-score": 1.0,
    "support": 4,
    "confused_with": {}
  },
  "accuracy": 0.9864864864864865,
  "macro avg": {
    "precision": 0.9537037037037037,
    "recall": 0.9973333333333333,
    "f1-score": 0.973700477258352,
    "support": 148
  },
  "weighted avg": {
    "precision": 0.9883633633633633,
    "recall": 0.9864864864864865,
    "f1-score": 0.9869378499596716,
    "support": 148
  }
}