{
  "deny": {
    "precision": 1.0,
    "recall": 0.4,
    "f1-score": 0.5714285714285715,
    "support": 5,
    "confused_with": {
      "inform": 3
    }
  },
  "inform": {
    "precision": 0.9253731343283582,
    "recall": 0.992,
    "f1-score": 0.9575289575289575,
    "support": 125,
    "confused_with": {
      "affirm": 1
    }
  },
  "affirm": {
    "precision": 0.6666666666666666,
    "recall": 0.25,
    "f1-score": 0.36363636363636365,
    "support": 8,
    "confused_with": {
      "inform": 5,
      "thankyou": 1
    }
  },
  "request_info": {
    "precision": 1.0,
    "recall": 0.6666666666666666,
    "f1-score": 0.8,
    "support": 3,
    "confused_with": {
      "thankyou": 1
    }
  },
  "greet": {
    "precision": 1.0,
    "recall": 0.3333333333333333,
    "f1-score": 0.5,
    "support": 3,
    "confused_with": {
      "inform": 2
    }
  },
  "thankyou": {
    "precision": 0.6666666666666666,
    "recall": 1.0,
    "f1-score": 0.8,
    "support": 4,
    "confused_with": {}
  },
  "accuracy": 0.9121621621621622,
  "macro avg": {
    "precision": 0.8764510779436153,
    "recall": 0.607,
    "f1-score": 0.6654323154323154,
    "support": 148
  },
  "weighted avg": {
    "precision": 0.9099435256151674,
    "recall": 0.9121621621621622,
    "f1-score": 0.8956577936307664,
    "support": 148
  }
}