{
  "deny": {
    "precision": 1.0,
    "recall": 0.8,
    "f1-score": 0.888888888888889,
    "support": 5,
    "confused_with": {
      "inform": 1
    }
  },
  "inform": {
    "precision": 0.984,
    "recall": 0.984,
    "f1-score": 0.984,
    "support": 125,
    "confused_with": {
      "affirm": 2
    }
  },
  "affirm": {
    "precision": 0.7777777777777778,
    "recall": 0.875,
    "f1-score": 0.823529411764706,
    "support": 8,
    "confused_with": {
      "thankyou": 1
    }
  },
  "request_info": {
    "precision": 1.0,
    "recall": 1.0,
    "f1-score": 1.0,
    "support": 3,
    "confused_with": {}
  },
  "greet": {
    "precision": 1.0,
    "recall": 0.6666666666666666,
    "f1-score": 0.8,
    "support": 3,
    "confused_with": {
      "inform": 1
    }
  },
  "thankyou": {
    "precision": 0.8,
    "recall": 1.0,
    "f1-score": 0.888888888888889,
    "support": 4,
    "confused_with": {}
  },
  "accuracy": 0.9662162162162162,
  "macro avg": {
    "precision": 0.9269629629629629,
    "recall": 0.8876111111111111,
    "f1-score": 0.8975511982570806,
    "support": 148
  },
  "weighted avg": {
    "precision": 0.9690690690690691,
    "recall": 0.9662162162162162,
    "f1-score": 0.9661367249602543,
    "support": 148
  }
}