{
  "deny": {
    "precision": 0.75,
    "recall": 0.6,
    "f1-score": 0.6666666666666665,
    "support": 5,
    "confused_with": {
      "request_info": 1,
      "inform": 1
    }
  },
  "inform": {
    "precision": 0.9457364341085271,
    "recall": 0.976,
    "f1-score": 0.9606299212598426,
    "support": 125,
    "confused_with": {
      "affirm": 2,
      "thankyou": 1
    }
  },
  "affirm": {
    "precision": 0.3333333333333333,
    "recall": 0.125,
    "f1-score": 0.18181818181818182,
    "support": 8,
    "confused_with": {
      "inform": 6,
      "deny": 1
    }
  },
  "request_info": {
    "precision": 0.75,
    "recall": 1.0,
    "f1-score": 0.8571428571428571,
    "support": 3,
    "confused_with": {}
  },
  "greet": {
    "precision": 1.0,
    "recall": 1.0,
    "f1-score": 1.0,
    "support": 3,
    "confused_with": {}
  },
  "thankyou": {
    "precision": 0.8,
    "recall": 1.0,
    "f1-score": 0.888888888888889,
    "support": 4,
    "confused_with": {}
  },
  "accuracy": 0.918918918918919,
  "macro avg": {
    "precision": 0.7631782945736435,
    "recall": 0.7835000000000001,
    "f1-score": 0.7591910859627395,
    "support": 148
  },
  "weighted avg": {
    "precision": 0.8992143306096796,
    "recall": 0.918918918918919,
    "f1-score": 0.9053621829212378,
    "support": 148
  }
}