{
  "deny": {
    "precision": 0.8,
    "recall": 0.8,
    "f1-score": 0.8000000000000002,
    "support": 5,
    "confused_with": {
      "inform": 1
    }
  },
  "inform": {
    "precision": 0.9838709677419355,
    "recall": 0.976,
    "f1-score": 0.9799196787148594,
    "support": 125,
    "confused_with": {
      "affirm": 2,
      "deny": 1
    }
  },
  "affirm": {
    "precision": 0.7777777777777778,
    "recall": 0.875,
    "f1-score": 0.823529411764706,
    "support": 8,
    "confused_with": {
      "inform": 1
    }
  },
  "request_info": {
    "precision": 1.0,
    "recall": 1.0,
    "f1-score": 1.0,
    "support": 3,
    "confused_with": {}
  },
  "greet": {
    "precision": 1.0,
    "recall": 1.0,
    "f1-score": 1.0,
    "support": 3,
    "confused_with": {}
  },
  "thankyou": {
    "precision": 1.0,
    "recall": 1.0,
    "f1-score": 1.0,
    "support": 4,
    "confused_with": {}
  },
  "accuracy": 0.9662162162162162,
  "macro avg": {
    "precision": 0.9269414575866189,
    "recall": 0.9418333333333333,
    "f1-score": 0.9339081817465943,
    "support": 148
  },
  "weighted avg": {
    "precision": 0.9676087377700281,
    "recall": 0.9662162162162162,
    "f1-score": 0.9667445617126694,
    "support": 148
  }
}