{
  "deny": {
    "precision": 0.8,
    "recall": 0.8,
    "f1-score": 0.8000000000000002,
    "support": 5,
    "confused_with": {
      "inform": 1
    }
  },
  "inform": {
    "precision": 0.9761904761904762,
    "recall": 0.984,
    "f1-score": 0.9800796812749003,
    "support": 125,
    "confused_with": {
      "deny": 1,
      "affirm": 1
    }
  },
  "affirm": {
    "precision": 0.875,
    "recall": 0.875,
    "f1-score": 0.875,
    "support": 8,
    "confused_with": {
      "inform": 1
    }
  },
  "request_info": {
    "precision": 1.0,
    "recall": 0.6666666666666666,
    "f1-score": 0.8,
    "support": 3,
    "confused_with": {
      "inform": 1
    }
  },
  "greet": {
    "precision": 1.0,
    "recall": 1.0,
    "f1-score": 1.0,
    "support": 3,
    "confused_with": {}
  },
  "thankyou": {
    "precision": 1.0,
    "recall": 1.0,
    "f1-score": 1.0,
    "support": 4,
    "confused_with": {}
  },
  "accuracy": 0.9662162162162162,
  "macro avg": {
    "precision": 0.9418650793650793,
    "recall": 0.8876111111111111,
    "f1-score": 0.90917994687915,
    "support": 148
  },
  "weighted avg": {
    "precision": 0.9663770913770914,
    "recall": 0.9662162162162162,
    "f1-score": 0.9656078389146119,
    "support": 148
  }
}