{
  "deny": {
    "precision": 0.6,
    "recall": 0.6,
    "f1-score": 0.6,
    "support": 5,
    "confused_with": {
      "inform": 2
    }
  },
  "inform": {
    "precision": 0.9393939393939394,
    "recall": 0.992,
    "f1-score": 0.9649805447470818,
    "support": 125,
    "confused_with": {
      "deny": 1
    }
  },
  "affirm": {
    "precision": 0.6666666666666666,
    "recall": 0.25,
    "f1-score": 0.36363636363636365,
    "support": 8,
    "confused_with": {
      "inform": 5,
      "thankyou": 1
    }
  },
  "request_info": {
    "precision": 1.0,
    "recall": 0.3333333333333333,
    "f1-score": 0.5,
    "support": 3,
    "confused_with": {
      "thankyou": 1,
      "affirm": 1
    }
  },
  "greet": {
    "precision": 1.0,
    "recall": 0.3333333333333333,
    "f1-score": 0.5,
    "support": 3,
    "confused_with": {
      "inform": 1,
      "deny": 1
    }
  },
  "thankyou": {
    "precision": 0.6666666666666666,
    "recall": 1.0,
    "f1-score": 0.8,
    "support": 4,
    "confused_with": {}
  },
  "accuracy": 0.9121621621621622,
  "macro avg": {
    "precision": 0.8121212121212121,
    "recall": 0.5847777777777778,
    "f1-score": 0.621436151397241,
    "support": 148
  },
  "weighted avg": {
    "precision": 0.9082719082719082,
    "recall": 0.9121621621621622,
    "f1-score": 0.8968355338005144,
    "support": 148
  }
}