{
  "deny": {
    "precision": 0.5,
    "recall": 0.4,
    "f1-score": 0.4444444444444445,
    "support": 5,
    "confused_with": {
      "inform": 3
    }
  },
  "inform": {
    "precision": 0.9253731343283582,
    "recall": 0.992,
    "f1-score": 0.9575289575289575,
    "support": 125,
    "confused_with": {
      "deny": 1
    }
  },
  "affirm": {
    "precision": 1.0,
    "recall": 0.25,
    "f1-score": 0.4,
    "support": 8,
    "confused_with": {
      "inform": 6
    }
  },
  "request_info": {
    "precision": 1.0,
    "recall": 1.0,
    "f1-score": 1.0,
    "support": 3,
    "confused_with": {}
  },
  "greet": {
    "precision": 1.0,
    "recall": 0.3333333333333333,
    "f1-score": 0.5,
    "support": 3,
    "confused_with": {
      "inform": 1,
      "deny": 1
    }
  },
  "thankyou": {
    "precision": 1.0,
    "recall": 1.0,
    "f1-score": 1.0,
    "support": 4,
    "confused_with": {}
  },
  "accuracy": 0.918918918918919,
  "macro avg": {
    "precision": 0.9042288557213931,
    "recall": 0.6625555555555556,
    "f1-score": 0.7169955669955671,
    "support": 148
  },
  "weighted avg": {
    "precision": 0.9200786607503025,
    "recall": 0.918918918918919,
    "f1-score": 0.9027928507658237,
    "support": 148
  }
}