{
  "deny": {
    "precision": 0.75,
    "recall": 0.6,
    "f1-score": 0.6666666666666665,
    "support": 5,
    "confused_with": {
      "inform": 2
    }
  },
  "inform": {
    "precision": 0.9461538461538461,
    "recall": 0.984,
    "f1-score": 0.9647058823529412,
    "support": 125,
    "confused_with": {
      "deny": 1,
      "affirm": 1
    }
  },
  "affirm": {
    "precision": 0.8,
    "recall": 0.5,
    "f1-score": 0.6153846153846154,
    "support": 8,
    "confused_with": {
      "inform": 4
    }
  },
  "request_info": {
    "precision": 1.0,
    "recall": 0.6666666666666666,
    "f1-score": 0.8,
    "support": 3,
    "confused_with": {
      "inform": 1
    }
  },
  "greet": {
    "precision": 1.0,
    "recall": 1.0,
    "f1-score": 1.0,
    "support": 3,
    "confused_with": {}
  },
  "thankyou": {
    "precision": 1.0,
    "recall": 1.0,
    "f1-score": 1.0,
    "support": 4,
    "confused_with": {}
  },
  "accuracy": 0.9391891891891891,
  "macro avg": {
    "precision": 0.916025641025641,
    "recall": 0.7917777777777778,
    "f1-score": 0.8411261940673705,
    "support": 148
  },
  "weighted avg": {
    "precision": 0.9352650727650726,
    "recall": 0.9391891891891891,
    "f1-score": 0.9340854429089723,
    "support": 148
  }
}