{
  "deny": {
    "precision": 1.0,
    "recall": 0.4,
    "f1-score": 0.5714285714285715,
    "support": 5,
    "confused_with": {
      "inform": 3
    }
  },
  "inform": {
    "precision": 0.9259259259259259,
    "recall": 1.0,
    "f1-score": 0.9615384615384615,
    "support": 125,
    "confused_with": {}
  },
  "affirm": {
    "precision": 1.0,
    "recall": 0.125,
    "f1-score": 0.2222222222222222,
    "support": 8,
    "confused_with": {
      "inform": 7
    }
  },
  "request_info": {
    "precision": 1.0,
    "recall": 1.0,
    "f1-score": 1.0,
    "support": 3,
    "confused_with": {}
  },
  "greet": {
    "precision": 1.0,
    "recall": 1.0,
    "f1-score": 1.0,
    "support": 3,
    "confused_with": {}
  },
  "thankyou": {
    "precision": 1.0,
    "recall": 1.0,
    "f1-score": 1.0,
    "support": 4,
    "confused_with": {}
  },
  "accuracy": 0.9324324324324325,
  "macro avg": {
    "precision": 0.9876543209876543,
    "recall": 0.7541666666666668,
    "f1-score": 0.7925315425315426,
    "support": 148
  },
  "weighted avg": {
    "precision": 0.9374374374374376,
    "recall": 0.9324324324324325,
    "f1-score": 0.9109947859947859,
    "support": 148
  }
}