{
  "deny": {
    "precision": 0.3333333333333333,
    "recall": 0.2,
    "f1-score": 0.25,
    "support": 5,
    "confused_with": {
      "inform": 4
    }
  },
  "inform": {
    "precision": 0.9318181818181818,
    "recall": 0.984,
    "f1-score": 0.9571984435797666,
    "support": 125,
    "confused_with": {
      "deny": 2
    }
  },
  "affirm": {
    "precision": 1.0,
    "recall": 0.375,
    "f1-score": 0.5454545454545454,
    "support": 8,
    "confused_with": {
      "inform": 5
    }
  },
  "request_info": {
    "precision": 0.6,
    "recall": 1.0,
    "f1-score": 0.7499999999999999,
    "support": 3,
    "confused_with": {}
  },
  "greet": {
    "precision": 1.0,
    "recall": 0.3333333333333333,
    "f1-score": 0.5,
    "support": 3,
    "confused_with": {
      "request_info": 2
    }
  },
  "thankyou": {
    "precision": 1.0,
    "recall": 1.0,
    "f1-score": 1.0,
    "support": 4,
    "confused_with": {}
  },
  "accuracy": 0.9121621621621622,
  "macro avg": {
    "precision": 0.8108585858585858,
    "recall": 0.6487222222222223,
    "f1-score": 0.6671088315057186,
    "support": 148
  },
  "weighted avg": {
    "precision": 0.9117833742833742,
    "recall": 0.9121621621621622,
    "f1-score": 0.8987394716966701,
    "support": 148
  }
}