{
  "deny": {
    "precision": 0.8,
    "recall": 0.8,
    "f1-score": 0.8000000000000002,
    "support": 5,
    "confused_with": {
      "inform": 1
    }
  },
  "inform": {
    "precision": 0.9761904761904762,
    "recall": 0.984,
    "f1-score": 0.9800796812749003,
    "support": 125,
    "confused_with": {
      "deny": 1,
      "affirm": 1
    }
  },
  "affirm": {
    "precision": 0.8571428571428571,
    "recall": 0.75,
    "f1-score": 0.7999999999999999,
    "support": 8,
    "confused_with": {
      "thankyou": 1,
      "inform": 1
    }
  },
  "request_info": {
    "precision": 1.0,
    "recall": 1.0,
    "f1-score": 1.0,
    "support": 3,
    "confused_with": {}
  },
  "greet": {
    "precision": 1.0,
    "recall": 0.6666666666666666,
    "f1-score": 0.8,
    "support": 3,
    "confused_with": {
      "inform": 1
    }
  },
  "thankyou": {
    "precision": 0.8,
    "recall": 1.0,
    "f1-score": 0.888888888888889,
    "support": 4,
    "confused_with": {}
  },
  "accuracy": 0.9594594594594594,
  "macro avg": {
    "precision": 0.9055555555555554,
    "recall": 0.8667777777777778,
    "f1-score": 0.8781614283606317,
    "support": 148
  },
  "weighted avg": {
    "precision": 0.9600064350064349,
    "recall": 0.9594594594594594,
    "f1-score": 0.9585507818575546,
    "support": 148
  }
}