{
  "deny": {
    "precision": 0.7142857142857143,
    "recall": 1.0,
    "f1-score": 0.8333333333333333,
    "support": 5,
    "confused_with": {}
  },
  "inform": {
    "precision": 0.983739837398374,
    "recall": 0.968,
    "f1-score": 0.9758064516129032,
    "support": 125,
    "confused_with": {
      "deny": 2,
      "affirm": 2
    }
  },
  "affirm": {
    "precision": 0.7777777777777778,
    "recall": 0.875,
    "f1-score": 0.823529411764706,
    "support": 8,
    "confused_with": {
      "inform": 1
    }
  },
  "request_info": {
    "precision": 1.0,
    "recall": 1.0,
    "f1-score": 1.0,
    "support": 3,
    "confused_with": {}
  },
  "greet": {
    "precision": 1.0,
    "recall": 0.6666666666666666,
    "f1-score": 0.8,
    "support": 3,
    "confused_with": {
      "inform": 1
    }
  },
  "thankyou": {
    "precision": 1.0,
    "recall": 1.0,
    "f1-score": 1.0,
    "support": 4,
    "confused_with": {}
  },
  "accuracy": 0.9594594594594594,
  "macro avg": {
    "precision": 0.9126338882436444,
    "recall": 0.9182777777777779,
    "f1-score": 0.9054448661184904,
    "support": 148
  },
  "weighted avg": {
    "precision": 0.9646022328949158,
    "recall": 0.9594594594594594,
    "f1-score": 0.9603426244080895,
    "support": 148
  }
}