{
  "deny": {
    "precision": 1.0,
    "recall": 0.8,
    "f1-score": 0.888888888888889,
    "support": 5,
    "confused_with": {
      "request_info": 1
    }
  },
  "inform": {
    "precision": 0.9841269841269841,
    "recall": 0.992,
    "f1-score": 0.9880478087649401,
    "support": 125,
    "confused_with": {
      "affirm": 1
    }
  },
  "affirm": {
    "precision": 0.8571428571428571,
    "recall": 0.75,
    "f1-score": 0.7999999999999999,
    "support": 8,
    "confused_with": {
      "inform": 2
    }
  },
  "request_info": {
    "precision": 0.75,
    "recall": 1.0,
    "f1-score": 0.8571428571428571,
    "support": 3,
    "confused_with": {}
  },
  "greet": {
    "precision": 1.0,
    "recall": 1.0,
    "f1-score": 1.0,
    "support": 3,
    "confused_with": {}
  },
  "thankyou": {
    "precision": 1.0,
    "recall": 1.0,
    "f1-score": 1.0,
    "support": 4,
    "confused_with": {}
  },
  "accuracy": 0.972972972972973,
  "macro avg": {
    "precision": 0.931878306878307,
    "recall": 0.9236666666666666,
    "f1-score": 0.9223465924661144,
    "support": 148
  },
  "weighted avg": {
    "precision": 0.9738041613041613,
    "recall": 0.972972972972973,
    "f1-score": 0.97244492642899,
    "support": 148
  }
}