{
  "deny": {
    "precision": 0.75,
    "recall": 0.6,
    "f1-score": 0.6666666666666665,
    "support": 5,
    "confused_with": {
      "inform": 2
    }
  },
  "inform": {
    "precision": 0.9538461538461539,
    "recall": 0.992,
    "f1-score": 0.9725490196078431,
    "support": 125,
    "confused_with": {
      "deny": 1
    }
  },
  "affirm": {
    "precision": 1.0,
    "recall": 0.75,
    "f1-score": 0.8571428571428571,
    "support": 8,
    "confused_with": {
      "inform": 2
    }
  },
  "request_info": {
    "precision": 1.0,
    "recall": 1.0,
    "f1-score": 1.0,
    "support": 3,
    "confused_with": {}
  },
  "greet": {
    "precision": 1.0,
    "recall": 0.6666666666666666,
    "f1-score": 0.8,
    "support": 3,
    "confused_with": {
      "inform": 1
    }
  },
  "thankyou": {
    "precision": 1.0,
    "recall": 0.75,
    "f1-score": 0.8571428571428571,
    "support": 4,
    "confused_with": {
      "inform": 1
    }
  },
  "accuracy": 0.9527027027027027,
  "macro avg": {
    "precision": 0.9506410256410257,
    "recall": 0.7931111111111111,
    "f1-score": 0.8589169000933706,
    "support": 148
  },
  "weighted avg": {
    "precision": 0.952572765072765,
    "recall": 0.9527027027027027,
    "f1-score": 0.949916723446135,
    "support": 148
  }
}