{
  "deny": {
    "precision": 1.0,
    "recall": 1.0,
    "f1-score": 1.0,
    "support": 5,
    "confused_with": {}
  },
  "inform": {
    "precision": 0.9920634920634921,
    "recall": 1.0,
    "f1-score": 0.9960159362549801,
    "support": 125,
    "confused_with": {}
  },
  "affirm": {
    "precision": 1.0,
    "recall": 0.875,
    "f1-score": 0.9333333333333333,
    "support": 8,
    "confused_with": {
      "inform": 1
    }
  },
  "request_info": {
    "precision": 1.0,
    "recall": 1.0,
    "f1-score": 1.0,
    "support": 3,
    "confused_with": {}
  },
  "greet": {
    "precision": 1.0,
    "recall": 1.0,
    "f1-score": 1.0,
    "support": 3,
    "confused_with": {}
  },
  "thankyou": {
    "precision": 1.0,
    "recall": 1.0,
    "f1-score": 1.0,
    "support": 4,
    "confused_with": {}
  },
  "accuracy": 0.9932432432432432,
  "macro avg": {
    "precision": 0.9986772486772487,
    "recall": 0.9791666666666666,
    "f1-score": 0.9882248782647189,
    "support": 148
  },
  "weighted avg": {
    "precision": 0.9932968682968683,
    "recall": 0.9932432432432432,
    "f1-score": 0.9930314776928323,
    "support": 148
  }
}