{
  "deny": {
    "precision": 1.0,
    "recall": 0.8,
    "f1-score": 0.888888888888889,
    "support": 5,
    "confused_with": {
      "inform": 1
    }
  },
  "inform": {
    "precision": 0.96875,
    "recall": 0.992,
    "f1-score": 0.9802371541501976,
    "support": 125,
    "confused_with": {
      "affirm": 1
    }
  },
  "affirm": {
    "precision": 0.8333333333333334,
    "recall": 0.625,
    "f1-score": 0.7142857142857143,
    "support": 8,
    "confused_with": {
      "inform": 3
    }
  },
  "request_info": {
    "precision": 1.0,
    "recall": 1.0,
    "f1-score": 1.0,
    "support": 3,
    "confused_with": {}
  },
  "greet": {
    "precision": 1.0,
    "recall": 1.0,
    "f1-score": 1.0,
    "support": 3,
    "confused_with": {}
  },
  "thankyou": {
    "precision": 1.0,
    "recall": 1.0,
    "f1-score": 1.0,
    "support": 4,
    "confused_with": {}
  },
  "accuracy": 0.9662162162162162,
  "macro avg": {
    "precision": 0.967013888888889,
    "recall": 0.9028333333333333,
    "f1-score": 0.9305686262208002,
    "support": 148
  },
  "weighted avg": {
    "precision": 0.9645974099099098,
    "recall": 0.9662162162162162,
    "f1-score": 0.9641106380236816,
    "support": 148
  }
}