{
  "deny": {
    "precision": 0.6666666666666666,
    "recall": 0.8,
    "f1-score": 0.7272727272727272,
    "support": 5,
    "confused_with": {
      "inform": 1
    }
  },
  "inform": {
    "precision": 0.984,
    "recall": 0.984,
    "f1-score": 0.984,
    "support": 125,
    "confused_with": {
      "deny": 2
    }
  },
  "affirm": {
    "precision": 1.0,
    "recall": 0.875,
    "f1-score": 0.9333333333333333,
    "support": 8,
    "confused_with": {
      "inform": 1
    }
  },
  "request_info": {
    "precision": 1.0,
    "recall": 1.0,
    "f1-score": 1.0,
    "support": 3,
    "confused_with": {}
  },
  "greet": {
    "precision": 1.0,
    "recall": 1.0,
    "f1-score": 1.0,
    "support": 3,
    "confused_with": {}
  },
  "thankyou": {
    "precision": 1.0,
    "recall": 1.0,
    "f1-score": 1.0,
    "support": 4,
    "confused_with": {}
  },
  "accuracy": 0.972972972972973,
  "macro avg": {
    "precision": 0.9417777777777777,
    "recall": 0.9431666666666666,
    "f1-score": 0.9407676767676767,
    "support": 148
  },
  "weighted avg": {
    "precision": 0.9752252252252251,
    "recall": 0.972972972972973,
    "f1-score": 0.9736691236691236,
    "support": 148
  }
}