{
  "deny": {
    "precision": 0.8333333333333334,
    "recall": 1.0,
    "f1-score": 0.9090909090909091,
    "support": 5,
    "confused_with": {}
  },
  "inform": {
    "precision": 0.992,
    "recall": 0.992,
    "f1-score": 0.992,
    "support": 125,
    "confused_with": {
      "affirm": 1
    }
  },
  "affirm": {
    "precision": 0.875,
    "recall": 0.875,
    "f1-score": 0.875,
    "support": 8,
    "confused_with": {
      "inform": 1
    }
  },
  "request_info": {
    "precision": 1.0,
    "recall": 1.0,
    "f1-score": 1.0,
    "support": 3,
    "confused_with": {}
  },
  "greet": {
    "precision": 1.0,
    "recall": 0.6666666666666666,
    "f1-score": 0.8,
    "support": 3,
    "confused_with": {
      "deny": 1
    }
  },
  "thankyou": {
    "precision": 1.0,
    "recall": 1.0,
    "f1-score": 1.0,
    "support": 4,
    "confused_with": {}
  },
  "accuracy": 0.9797297297297297,
  "macro avg": {
    "precision": 0.9500555555555555,
    "recall": 0.9222777777777779,
    "f1-score": 0.9293484848484849,
    "support": 148
  },
  "weighted avg": {
    "precision": 0.9808558558558558,
    "recall": 0.9797297297297297,
    "f1-score": 0.9793611793611793,
    "support": 148
  }
}