{
  "deny": {
    "precision": 1.0,
    "recall": 0.6,
    "f1-score": 0.7499999999999999,
    "support": 5,
    "confused_with": {
      "inform": 2
    }
  },
  "inform": {
    "precision": 0.9393939393939394,
    "recall": 0.992,
    "f1-score": 0.9649805447470818,
    "support": 125,
    "confused_with": {
      "affirm": 1
    }
  },
  "affirm": {
    "precision": 0.8,
    "recall": 0.5,
    "f1-score": 0.6153846153846154,
    "support": 8,
    "confused_with": {
      "inform": 4
    }
  },
  "request_info": {
    "precision": 1.0,
    "recall": 0.6666666666666666,
    "f1-score": 0.8,
    "support": 3,
    "confused_with": {
      "inform": 1
    }
  },
  "greet": {
    "precision": 1.0,
    "recall": 0.6666666666666666,
    "f1-score": 0.8,
    "support": 3,
    "confused_with": {
      "inform": 1
    }
  },
  "thankyou": {
    "precision": 1.0,
    "recall": 1.0,
    "f1-score": 1.0,
    "support": 4,
    "confused_with": {}
  },
  "accuracy": 0.9391891891891891,
  "macro avg": {
    "precision": 0.9565656565656565,
    "recall": 0.7375555555555554,
    "f1-score": 0.8217275266886163,
    "support": 148
  },
  "weighted avg": {
    "precision": 0.9380016380016382,
    "recall": 0.9391891891891891,
    "f1-score": 0.9330786825436632,
    "support": 148
  }
}