{
  "deny": {
    "precision": 0.8,
    "recall": 0.8,
    "f1-score": 0.8000000000000002,
    "support": 5,
    "confused_with": {
      "inform": 1
    }
  },
  "inform": {
    "precision": 0.976,
    "recall": 0.976,
    "f1-score": 0.976,
    "support": 125,
    "confused_with": {
      "greet": 1,
      "deny": 1
    }
  },
  "affirm": {
    "precision": 0.8888888888888888,
    "recall": 1.0,
    "f1-score": 0.9411764705882353,
    "support": 8,
    "confused_with": {}
  },
  "request_info": {
    "precision": 1.0,
    "recall": 1.0,
    "f1-score": 1.0,
    "support": 3,
    "confused_with": {}
  },
  "greet": {
    "precision": 0.5,
    "recall": 0.3333333333333333,
    "f1-score": 0.4,
    "support": 3,
    "confused_with": {
      "inform": 2
    }
  },
  "thankyou": {
    "precision": 1.0,
    "recall": 1.0,
    "f1-score": 1.0,
    "support": 4,
    "confused_with": {}
  },
  "accuracy": 0.9594594594594594,
  "macro avg": {
    "precision": 0.8608148148148148,
    "recall": 0.8515555555555555,
    "f1-score": 0.8528627450980393,
    "support": 148
  },
  "weighted avg": {
    "precision": 0.9568318318318318,
    "recall": 0.9594594594594594,
    "f1-score": 0.957631160572337,
    "support": 148
  }
}