{
  "deny": {
    "precision": 0.5714285714285714,
    "recall": 0.8,
    "f1-score": 0.6666666666666666,
    "support": 5,
    "confused_with": {
      "affirm": 1
    }
  },
  "inform": {
    "precision": 0.9606299212598425,
    "recall": 0.976,
    "f1-score": 0.9682539682539683,
    "support": 125,
    "confused_with": {
      "deny": 3
    }
  },
  "affirm": {
    "precision": 0.8,
    "recall": 0.5,
    "f1-score": 0.6153846153846154,
    "support": 8,
    "confused_with": {
      "inform": 4
    }
  },
  "request_info": {
    "precision": 1.0,
    "recall": 1.0,
    "f1-score": 1.0,
    "support": 3,
    "confused_with": {}
  },
  "greet": {
    "precision": 1.0,
    "recall": 0.6666666666666666,
    "f1-score": 0.8,
    "support": 3,
    "confused_with": {
      "inform": 1
    }
  },
  "thankyou": {
    "precision": 1.0,
    "recall": 1.0,
    "f1-score": 1.0,
    "support": 4,
    "confused_with": {}
  },
  "accuracy": 0.9391891891891891,
  "macro avg": {
    "precision": 0.888676415448069,
    "recall": 0.8237777777777776,
    "f1-score": 0.8417175417175417,
    "support": 148
  },
  "weighted avg": {
    "precision": 0.9414586690177241,
    "recall": 0.9391891891891891,
    "f1-score": 0.9370821370821372,
    "support": 148
  }
}