{
  "deny": {
    "precision": 1.0,
    "recall": 0.8,
    "f1-score": 0.888888888888889,
    "support": 5,
    "confused_with": {
      "affirm": 1
    }
  },
  "inform": {
    "precision": 0.9919354838709677,
    "recall": 0.984,
    "f1-score": 0.9879518072289156,
    "support": 125,
    "confused_with": {
      "greet": 1,
      "affirm": 1
    }
  },
  "affirm": {
    "precision": 0.7777777777777778,
    "recall": 0.875,
    "f1-score": 0.823529411764706,
    "support": 8,
    "confused_with": {
      "thankyou": 1
    }
  },
  "request_info": {
    "precision": 1.0,
    "recall": 1.0,
    "f1-score": 1.0,
    "support": 3,
    "confused_with": {}
  },
  "greet": {
    "precision": 0.6666666666666666,
    "recall": 0.6666666666666666,
    "f1-score": 0.6666666666666666,
    "support": 3,
    "confused_with": {
      "inform": 1
    }
  },
  "thankyou": {
    "precision": 0.8,
    "recall": 1.0,
    "f1-score": 0.888888888888889,
    "support": 4,
    "confused_with": {}
  },
  "accuracy": 0.9662162162162162,
  "macro avg": {
    "precision": 0.8727299880525687,
    "recall": 0.8876111111111111,
    "f1-score": 0.8759876105730111,
    "support": 148
  },
  "weighted avg": {
    "precision": 0.9690145790952243,
    "recall": 0.9662162162162162,
    "f1-score": 0.9667716972819735,
    "support": 148
  }
}