{
  "deny": {
    "precision": 1.0,
    "recall": 0.8,
    "f1-score": 0.888888888888889,
    "support": 5,
    "confused_with": {
      "thankyou": 1
    }
  },
  "inform": {
    "precision": 0.992,
    "recall": 0.992,
    "f1-score": 0.992,
    "support": 125,
    "confused_with": {
      "affirm": 1
    }
  },
  "affirm": {
    "precision": 0.875,
    "recall": 0.875,
    "f1-score": 0.875,
    "support": 8,
    "confused_with": {
      "thankyou": 1
    }
  },
  "request_info": {
    "precision": 1.0,
    "recall": 1.0,
    "f1-score": 1.0,
    "support": 3,
    "confused_with": {}
  },
  "greet": {
    "precision": 1.0,
    "recall": 0.6666666666666666,
    "f1-score": 0.8,
    "support": 3,
    "confused_with": {
      "inform": 1
    }
  },
  "thankyou": {
    "precision": 0.6666666666666666,
    "recall": 1.0,
    "f1-score": 0.8,
    "support": 4,
    "confused_with": {}
  },
  "accuracy": 0.972972972972973,
  "macro avg": {
    "precision": 0.9222777777777779,
    "recall": 0.8889444444444444,
    "f1-score": 0.8926481481481482,
    "support": 148
  },
  "weighted avg": {
    "precision": 0.9774774774774774,
    "recall": 0.972972972972973,
    "f1-score": 0.9732732732732733,
    "support": 148
  }
}