{
  "deny": {
    "precision": 1.0,
    "recall": 1.0,
    "f1-score": 1.0,
    "support": 5,
    "confused_with": {}
  },
  "inform": {
    "precision": 1.0,
    "recall": 0.976,
    "f1-score": 0.9878542510121457,
    "support": 125,
    "confused_with": {
      "affirm": 3
    }
  },
  "affirm": {
    "precision": 0.7272727272727273,
    "recall": 1.0,
    "f1-score": 0.8421052631578948,
    "support": 8,
    "confused_with": {}
  },
  "request_info": {
    "precision": 1.0,
    "recall": 1.0,
    "f1-score": 1.0,
    "support": 3,
    "confused_with": {}
  },
  "greet": {
    "precision": 1.0,
    "recall": 1.0,
    "f1-score": 1.0,
    "support": 3,
    "confused_with": {}
  },
  "thankyou": {
    "precision": 1.0,
    "recall": 1.0,
    "f1-score": 1.0,
    "support": 4,
    "confused_with": {}
  },
  "accuracy": 0.9797297297297297,
  "macro avg": {
    "precision": 0.9545454545454546,
    "recall": 0.996,
    "f1-score": 0.97165991902834,
    "support": 148
  },
  "weighted avg": {
    "precision": 0.9852579852579852,
    "recall": 0.9797297297297297,
    "f1-score": 0.9812069154174415,
    "support": 148
  }
}