{
  "deny": {
    "precision": 0.75,
    "recall": 0.6,
    "f1-score": 0.6666666666666665,
    "support": 5,
    "confused_with": {
      "inform": 2
    }
  },
  "inform": {
    "precision": 0.9393939393939394,
    "recall": 0.992,
    "f1-score": 0.9649805447470818,
    "support": 125,
    "confused_with": {
      "deny": 1
    }
  },
  "affirm": {
    "precision": 0.75,
    "recall": 0.375,
    "f1-score": 0.5,
    "support": 8,
    "confused_with": {
      "inform": 4,
      "thankyou": 1
    }
  },
  "request_info": {
    "precision": 1.0,
    "recall": 0.6666666666666666,
    "f1-score": 0.8,
    "support": 3,
    "confused_with": {
      "affirm": 1
    }
  },
  "greet": {
    "precision": 1.0,
    "recall": 0.3333333333333333,
    "f1-score": 0.5,
    "support": 3,
    "confused_with": {
      "inform": 2
    }
  },
  "thankyou": {
    "precision": 0.8,
    "recall": 1.0,
    "f1-score": 0.888888888888889,
    "support": 4,
    "confused_with": {}
  },
  "accuracy": 0.9256756756756757,
  "macro avg": {
    "precision": 0.8732323232323232,
    "recall": 0.6611666666666667,
    "f1-score": 0.7200893500504396,
    "support": 148
  },
  "weighted avg": {
    "precision": 0.921447583947584,
    "recall": 0.9256756756756757,
    "f1-score": 0.9149422769072575,
    "support": 148
  }
}