{
  "deny": {
    "precision": 0.5,
    "recall": 0.4,
    "f1-score": 0.4444444444444445,
    "support": 5,
    "confused_with": {
      "inform": 3
    }
  },
  "inform": {
    "precision": 0.9606299212598425,
    "recall": 0.976,
    "f1-score": 0.9682539682539683,
    "support": 125,
    "confused_with": {
      "affirm": 2,
      "deny": 1
    }
  },
  "affirm": {
    "precision": 0.75,
    "recall": 0.75,
    "f1-score": 0.75,
    "support": 8,
    "confused_with": {
      "thankyou": 1,
      "inform": 1
    }
  },
  "request_info": {
    "precision": 1.0,
    "recall": 1.0,
    "f1-score": 1.0,
    "support": 3,
    "confused_with": {}
  },
  "greet": {
    "precision": 1.0,
    "recall": 0.3333333333333333,
    "f1-score": 0.5,
    "support": 3,
    "confused_with": {
      "inform": 1,
      "deny": 1
    }
  },
  "thankyou": {
    "precision": 0.8,
    "recall": 1.0,
    "f1-score": 0.888888888888889,
    "support": 4,
    "confused_with": {}
  },
  "accuracy": 0.9324324324324325,
  "macro avg": {
    "precision": 0.8351049868766404,
    "recall": 0.7432222222222222,
    "f1-score": 0.7585978835978837,
    "support": 148
  },
  "weighted avg": {
    "precision": 0.9309374334964884,
    "recall": 0.9324324324324325,
    "f1-score": 0.9277670527670526,
    "support": 148
  }
}