{
  "deny": {
    "precision": 1.0,
    "recall": 0.8,
    "f1-score": 0.888888888888889,
    "support": 5,
    "confused_with": {
      "inform": 1
    }
  },
  "inform": {
    "precision": 0.9841269841269841,
    "recall": 0.992,
    "f1-score": 0.9880478087649401,
    "support": 125,
    "confused_with": {
      "affirm": 1
    }
  },
  "affirm": {
    "precision": 0.875,
    "recall": 0.875,
    "f1-score": 0.875,
    "support": 8,
    "confused_with": {
      "inform": 1
    }
  },
  "request_info": {
    "precision": 1.0,
    "recall": 1.0,
    "f1-score": 1.0,
    "support": 3,
    "confused_with": {}
  },
  "greet": {
    "precision": 1.0,
    "recall": 1.0,
    "f1-score": 1.0,
    "support": 3,
    "confused_with": {}
  },
  "thankyou": {
    "precision": 1.0,
    "recall": 1.0,
    "f1-score": 1.0,
    "support": 4,
    "confused_with": {}
  },
  "accuracy": 0.9797297297297297,
  "macro avg": {
    "precision": 0.9765211640211641,
    "recall": 0.9445,
    "f1-score": 0.9586561162756381,
    "support": 148
  },
  "weighted avg": {
    "precision": 0.9798369798369798,
    "recall": 0.9797297297297297,
    "f1-score": 0.9793947333787969,
    "support": 148
  }
}