{
  "deny": {
    "precision": 0.75,
    "recall": 0.6,
    "f1-score": 0.6666666666666665,
    "support": 5,
    "confused_with": {
      "inform": 2
    }
  },
  "inform": {
    "precision": 0.9534883720930233,
    "recall": 0.984,
    "f1-score": 0.9685039370078741,
    "support": 125,
    "confused_with": {
      "deny": 1,
      "affirm": 1
    }
  },
  "affirm": {
    "precision": 0.8,
    "recall": 0.5,
    "f1-score": 0.6153846153846154,
    "support": 8,
    "confused_with": {
      "inform": 4
    }
  },
  "request_info": {
    "precision": 0.6,
    "recall": 1.0,
    "f1-score": 0.7499999999999999,
    "support": 3,
    "confused_with": {}
  },
  "greet": {
    "precision": 1.0,
    "recall": 0.3333333333333333,
    "f1-score": 0.5,
    "support": 3,
    "confused_with": {
      "request_info": 2
    }
  },
  "thankyou": {
    "precision": 1.0,
    "recall": 1.0,
    "f1-score": 1.0,
    "support": 4,
    "confused_with": {}
  },
  "accuracy": 0.9324324324324325,
  "macro avg": {
    "precision": 0.8505813953488373,
    "recall": 0.7362222222222222,
    "f1-score": 0.7500925365098593,
    "support": 148
  },
  "weighted avg": {
    "precision": 0.9333516656191075,
    "recall": 0.9324324324324325,
    "f1-score": 0.9261446106918548,
    "support": 148
  }
}