{
  "deny": {
    "precision": 0.5,
    "recall": 0.8,
    "f1-score": 0.6153846153846154,
    "support": 5,
    "confused_with": {
      "affirm": 1
    }
  },
  "inform": {
    "precision": 0.9758064516129032,
    "recall": 0.968,
    "f1-score": 0.9718875502008033,
    "support": 125,
    "confused_with": {
      "deny": 4
    }
  },
  "affirm": {
    "precision": 0.8333333333333334,
    "recall": 0.625,
    "f1-score": 0.7142857142857143,
    "support": 8,
    "confused_with": {
      "inform": 3
    }
  },
  "request_info": {
    "precision": 1.0,
    "recall": 1.0,
    "f1-score": 1.0,
    "support": 3,
    "confused_with": {}
  },
  "greet": {
    "precision": 1.0,
    "recall": 1.0,
    "f1-score": 1.0,
    "support": 3,
    "confused_with": {}
  },
  "thankyou": {
    "precision": 1.0,
    "recall": 1.0,
    "f1-score": 1.0,
    "support": 4,
    "confused_with": {}
  },
  "accuracy": 0.9459459459459459,
  "macro avg": {
    "precision": 0.8848566308243727,
    "recall": 0.8988333333333333,
    "f1-score": 0.8835929799785222,
    "support": 148
  },
  "weighted avg": {
    "precision": 0.9536653589072944,
    "recall": 0.9459459459459459,
    "f1-score": 0.9478185984210082,
    "support": 148
  }
}