{
  "deny": {
    "precision": 0.6666666666666666,
    "recall": 0.4,
    "f1-score": 0.5,
    "support": 5,
    "confused_with": {
      "inform": 3
    }
  },
  "inform": {
    "precision": 0.9398496240601504,
    "recall": 1.0,
    "f1-score": 0.9689922480620156,
    "support": 125,
    "confused_with": {}
  },
  "affirm": {
    "precision": 1.0,
    "recall": 0.125,
    "f1-score": 0.2222222222222222,
    "support": 8,
    "confused_with": {
      "inform": 5,
      "greet": 1,
      "deny": 1
    }
  },
  "request_info": {
    "precision": 1.0,
    "recall": 1.0,
    "f1-score": 1.0,
    "support": 3,
    "confused_with": {}
  },
  "greet": {
    "precision": 0.75,
    "recall": 1.0,
    "f1-score": 0.8571428571428571,
    "support": 3,
    "confused_with": {}
  },
  "thankyou": {
    "precision": 1.0,
    "recall": 1.0,
    "f1-score": 1.0,
    "support": 4,
    "confused_with": {}
  },
  "accuracy": 0.9324324324324325,
  "macro avg": {
    "precision": 0.8927527151211362,
    "recall": 0.7541666666666668,
    "f1-score": 0.7580595545711825,
    "support": 148
  },
  "weighted avg": {
    "precision": 0.9328684887895414,
    "recall": 0.9324324324324325,
    "f1-score": 0.9119813334929614,
    "support": 148
  }
}