{
  "deny": {
    "precision": 0.6666666666666666,
    "recall": 0.4,
    "f1-score": 0.5,
    "support": 5,
    "confused_with": {
      "inform": 3
    }
  },
  "inform": {
    "precision": 0.9117647058823529,
    "recall": 0.992,
    "f1-score": 0.9501915708812262,
    "support": 125,
    "confused_with": {
      "deny": 1
    }
  },
  "affirm": {
    "precision": 1.0,
    "recall": 0.5,
    "f1-score": 0.6666666666666666,
    "support": 8,
    "confused_with": {
      "inform": 4
    }
  },
  "request_info": {
    "precision": 0.0,
    "recall": 0.0,
    "f1-score": 0.0,
    "support": 3,
    "confused_with": {
      "inform": 3
    }
  },
  "greet": {
    "precision": 1.0,
    "recall": 0.3333333333333333,
    "f1-score": 0.5,
    "support": 3,
    "confused_with": {
      "inform": 2
    }
  },
  "thankyou": {
    "precision": 1.0,
    "recall": 1.0,
    "f1-score": 1.0,
    "support": 4,
    "confused_with": {}
  },
  "accuracy": 0.9121621621621622,
  "macro avg": {
    "precision": 0.7630718954248366,
    "recall": 0.5375555555555556,
    "f1-score": 0.6028097062579821,
    "support": 148
  },
  "weighted avg": {
    "precision": 0.8939454160042396,
    "recall": 0.9121621621621622,
    "f1-score": 0.8926167546857202,
    "support": 148
  }
}