{
  "deny": {
    "precision": 0.75,
    "recall": 0.6,
    "f1-score": 0.6666666666666665,
    "support": 5,
    "confused_with": {
      "inform": 2
    }
  },
  "inform": {
    "precision": 0.968503937007874,
    "recall": 0.984,
    "f1-score": 0.976190476190476,
    "support": 125,
    "confused_with": {
      "deny": 1,
      "affirm": 1
    }
  },
  "affirm": {
    "precision": 0.875,
    "recall": 0.875,
    "f1-score": 0.875,
    "support": 8,
    "confused_with": {
      "thankyou": 1
    }
  },
  "request_info": {
    "precision": 1.0,
    "recall": 1.0,
    "f1-score": 1.0,
    "support": 3,
    "confused_with": {}
  },
  "greet": {
    "precision": 1.0,
    "recall": 0.3333333333333333,
    "f1-score": 0.5,
    "support": 3,
    "confused_with": {
      "inform": 2
    }
  },
  "thankyou": {
    "precision": 0.8,
    "recall": 1.0,
    "f1-score": 0.888888888888889,
    "support": 4,
    "confused_with": {}
  },
  "accuracy": 0.9527027027027027,
  "macro avg": {
    "precision": 0.8989173228346456,
    "recall": 0.7987222222222222,
    "f1-score": 0.8177910052910052,
    "support": 148
  },
  "weighted avg": {
    "precision": 0.9527904873377313,
    "recall": 0.9527027027027027,
    "f1-score": 0.9487344487344485,
    "support": 148
  }
}