{
  "config_1": [
    [
      0.97244492642899,
      0.970754275102101,
      0.9370821370821372,
      0.9053621829212378
    ],
    [
      1.0,
      0.9930314776928323,
      0.957631160572337,
      0.9046802296802297
    ],
    [
      0.9856392106392107,
      0.9802852107954872,
      0.9793611793611793,
      0.9207865827515636
    ],
    [
      0.9732732732732733,
      0.9723376763217398,
      0.9594594594594594,
      0.9149422769072575
    ],
    [
      0.9934284035984957,
      0.9871827472633925,
      0.9667445617126694,
      0.9340050053285349
    ]
  ],
  "config_2": [
    [
      0.9793947333787969,
      0.970754275102101,
      0.9787323037323038,
      0.9119813334929614
    ],
    [
      0.9812069154174415,
      0.9868725868725868,
      0.9777027027027027,
      0.9042506272236001
    ],
    [
      0.9790944330784968,
      0.9930314776928323,
      0.985906170567525,
      0.9261446106918548
    ],
    [
      0.9742698343504795,
      0.9805332406138858,
      0.9788181038181039,
      0.8956577936307664
    ],
    [
      1.0,
      0.9934284035984957,
      0.9730865319100612,
      0.9330786825436632
    ]
  ],
  "config_3": [
    [
      0.9641106380236816,
      0.970754275102101,
      0.9478185984210082,
      0.9109947859947859
    ],
    [
      0.9934284035984957,
      0.9868482940772096,
      0.9487344487344485,
      0.8926167546857202
    ],
    [
      0.9856392106392107,
      0.9603426244080895,
      0.949916723446135,
      0.9027928507658237
    ],
    [
      0.9661367249602543,
      0.9667716972819735,
      0.9277670527670526,
      0.9048627380022728
    ],
    [
      0.9869378499596716,
      0.9871827472633925,
      0.9667445617126694,
      0.9283906559497113
    ]
  ],
  "config_4": [
    [
      0.9720291720291722,
      0.970754275102101,
      0.9405859641153759,
      0.8971386669061088
    ],
    [
      0.9934284035984957,
      0.9868482940772096,
      0.9553145582557345,
      0.9120056349786079
    ],
    [
      0.9856392106392107,
      0.9736691236691236,
      0.97315990367018,
      0.8987394716966701
    ],
    [
      0.9790675137288684,
      0.9790675137288684,
      0.9585507818575546,
      0.8968355338005144
    ],
    [
      0.9871827472633925,
      0.9871827472633925,
      0.9656078389146119,
      0.9340854429089723
    ]
  ]
}