{
  "deny": {
    "precision": 0.5,
    "recall": 0.2,
    "f1-score": 0.28571428571428575,
    "support": 5,
    "confused_with": {
      "inform": 4
    }
  },
  "inform": {
    "precision": 0.9393939393939394,
    "recall": 0.992,
    "f1-score": 0.9649805447470818,
    "support": 125,
    "confused_with": {
      "deny": 1
    }
  },
  "affirm": {
    "precision": 1.0,
    "recall": 0.625,
    "f1-score": 0.7692307692307693,
    "support": 8,
    "confused_with": {
      "inform": 3
    }
  },
  "request_info": {
    "precision": 0.75,
    "recall": 1.0,
    "f1-score": 0.8571428571428571,
    "support": 3,
    "confused_with": {}
  },
  "greet": {
    "precision": 1.0,
    "recall": 0.3333333333333333,
    "f1-score": 0.5,
    "support": 3,
    "confused_with": {
      "request_info": 1,
      "inform": 1
    }
  },
  "thankyou": {
    "precision": 1.0,
    "recall": 1.0,
    "f1-score": 1.0,
    "support": 4,
    "confused_with": {}
  },
  "accuracy": 0.9324324324324325,
  "macro avg": {
    "precision": 0.86489898989899,
    "recall": 0.6917222222222223,
    "f1-score": 0.729511409472499,
    "support": 148
  },
  "weighted avg": {
    "precision": 0.9268529893529894,
    "recall": 0.9324324324324325,
    "f1-score": 0.9207865827515636,
    "support": 148
  }
}