{
  "deny": {
    "precision": 0.5,
    "recall": 0.2,
    "f1-score": 0.28571428571428575,
    "support": 5,
    "confused_with": {
      "inform": 4
    }
  },
  "inform": {
    "precision": 0.9253731343283582,
    "recall": 0.992,
    "f1-score": 0.9575289575289575,
    "support": 125,
    "confused_with": {
      "deny": 1
    }
  },
  "affirm": {
    "precision": 1.0,
    "recall": 0.625,
    "f1-score": 0.7692307692307693,
    "support": 8,
    "confused_with": {
      "inform": 2,
      "thankyou": 1
    }
  },
  "request_info": {
    "precision": 1.0,
    "recall": 0.3333333333333333,
    "f1-score": 0.5,
    "support": 3,
    "confused_with": {
      "inform": 2
    }
  },
  "greet": {
    "precision": 1.0,
    "recall": 0.3333333333333333,
    "f1-score": 0.5,
    "support": 3,
    "confused_with": {
      "inform": 2
    }
  },
  "thankyou": {
    "precision": 0.8,
    "recall": 1.0,
    "f1-score": 0.888888888888889,
    "support": 4,
    "confused_with": {}
  },
  "accuracy": 0.918918918918919,
  "macro avg": {
    "precision": 0.8708955223880598,
    "recall": 0.5806111111111111,
    "f1-score": 0.6502271502271503,
    "support": 148
  },
  "weighted avg": {
    "precision": 0.9146732553448971,
    "recall": 0.918918918918919,
    "f1-score": 0.9042506272236001,
    "support": 148
  }
}