{
  "deny": {
    "precision": 1.0,
    "recall": 0.8,
    "f1-score": 0.888888888888889,
    "support": 5,
    "confused_with": {
      "affirm": 1
    }
  },
  "inform": {
    "precision": 0.984251968503937,
    "recall": 1.0,
    "f1-score": 0.9920634920634921,
    "support": 125,
    "confused_with": {}
  },
  "affirm": {
    "precision": 0.8571428571428571,
    "recall": 0.75,
    "f1-score": 0.7999999999999999,
    "support": 8,
    "confused_with": {
      "inform": 2
    }
  },
  "request_info": {
    "precision": 1.0,
    "recall": 1.0,
    "f1-score": 1.0,
    "support": 3,
    "confused_with": {}
  },
  "greet": {
    "precision": 1.0,
    "recall": 1.0,
    "f1-score": 1.0,
    "support": 3,
    "confused_with": {}
  },
  "thankyou": {
    "precision": 1.0,
    "recall": 1.0,
    "f1-score": 1.0,
    "support": 4,
    "confused_with": {}
  },
  "accuracy": 0.9797297297297297,
  "macro avg": {
    "precision": 0.9735658042744658,
    "recall": 0.9249999999999999,
    "f1-score": 0.9468253968253967,
    "support": 148
  },
  "weighted avg": {
    "precision": 0.978977290000912,
    "recall": 0.9797297297297297,
    "f1-score": 0.9787323037323038,
    "support": 148
  }
}