{
  "deny": {
    "precision": 1.0,
    "recall": 1.0,
    "f1-score": 1.0,
    "support": 5,
    "confused_with": {}
  },
  "inform": {
    "precision": 1.0,
    "recall": 0.992,
    "f1-score": 0.9959839357429718,
    "support": 125,
    "confused_with": {
      "affirm": 1
    }
  },
  "affirm": {
    "precision": 0.8888888888888888,
    "recall": 1.0,
    "f1-score": 0.9411764705882353,
    "support": 8,
    "confused_with": {}
  },
  "request_info": {
    "precision": 1.0,
    "recall": 1.0,
    "f1-score": 1.0,
    "support": 3,
    "confused_with": {}
  },
  "greet": {
    "precision": 1.0,
    "recall": 1.0,
    "f1-score": 1.0,
    "support": 3,
    "confused_with": {}
  },
  "thankyou": {
    "precision": 1.0,
    "recall": 1.0,
    "f1-score": 1.0,
    "support": 4,
    "confused_with": {}
  },
  "accuracy": 0.9932432432432432,
  "macro avg": {
    "precision": 0.9814814814814815,
    "recall": 0.9986666666666667,
    "f1-score": 0.9895267343885346,
    "support": 148
  },
  "weighted avg": {
    "precision": 0.993993993993994,
    "recall": 0.9932432432432432,
    "f1-score": 0.9934284035984957,
    "support": 148
  }
}