{
  "deny": {
    "precision": 0.6666666666666666,
    "recall": 0.4,
    "f1-score": 0.5,
    "support": 5,
    "confused_with": {
      "inform": 3
    }
  },
  "inform": {
    "precision": 0.9323308270676691,
    "recall": 0.992,
    "f1-score": 0.9612403100775193,
    "support": 125,
    "confused_with": {
      "deny": 1
    }
  },
  "affirm": {
    "precision": 0.6666666666666666,
    "recall": 0.25,
    "f1-score": 0.36363636363636365,
    "support": 8,
    "confused_with": {
      "inform": 5,
      "thankyou": 1
    }
  },
  "request_info": {
    "precision": 1.0,
    "recall": 0.6666666666666666,
    "f1-score": 0.8,
    "support": 3,
    "confused_with": {
      "affirm": 1
    }
  },
  "greet": {
    "precision": 1.0,
    "recall": 0.6666666666666666,
    "f1-score": 0.8,
    "support": 3,
    "confused_with": {
      "inform": 1
    }
  },
  "thankyou": {
    "precision": 0.8,
    "recall": 1.0,
    "f1-score": 0.888888888888889,
    "support": 4,
    "confused_with": {}
  },
  "accuracy": 0.918918918918919,
  "macro avg": {
    "precision": 0.8442773600668336,
    "recall": 0.6625555555555555,
    "f1-score": 0.7189609271004621,
    "support": 148
  },
  "weighted avg": {
    "precision": 0.9081622976359817,
    "recall": 0.918918918918919,
    "f1-score": 0.9048627380022728,
    "support": 148
  }
}