{
  "deny": {
    "precision": 0.6,
    "recall": 0.6,
    "f1-score": 0.6,
    "support": 5,
    "confused_with": {
      "inform": 2
    }
  },
  "inform": {
    "precision": 0.9457364341085271,
    "recall": 0.976,
    "f1-score": 0.9606299212598426,
    "support": 125,
    "confused_with": {
      "deny": 2,
      "affirm": 1
    }
  },
  "affirm": {
    "precision": 0.8,
    "recall": 0.5,
    "f1-score": 0.6153846153846154,
    "support": 8,
    "confused_with": {
      "inform": 4
    }
  },
  "request_info": {
    "precision": 1.0,
    "recall": 0.6666666666666666,
    "f1-score": 0.8,
    "support": 3,
    "confused_with": {
      "inform": 1
    }
  },
  "greet": {
    "precision": 1.0,
    "recall": 1.0,
    "f1-score": 1.0,
    "support": 3,
    "confused_with": {}
  },
  "thankyou": {
    "precision": 1.0,
    "recall": 1.0,
    "f1-score": 1.0,
    "support": 4,
    "confused_with": {}
  },
  "accuracy": 0.9324324324324325,
  "macro avg": {
    "precision": 0.8909560723514213,
    "recall": 0.7904444444444444,
    "f1-score": 0.8293357561074096,
    "support": 148
  },
  "weighted avg": {
    "precision": 0.9298449612403101,
    "recall": 0.9324324324324325,
    "f1-score": 0.9283906559497113,
    "support": 148
  }
}