{
  "deny": {
    "precision": 0.5,
    "recall": 0.2,
    "f1-score": 0.28571428571428575,
    "support": 5,
    "confused_with": {
      "inform": 4
    }
  },
  "inform": {
    "precision": 0.9253731343283582,
    "recall": 0.992,
    "f1-score": 0.9575289575289575,
    "support": 125,
    "confused_with": {
      "deny": 1
    }
  },
  "affirm": {
    "precision": 1.0,
    "recall": 0.75,
    "f1-score": 0.8571428571428571,
    "support": 8,
    "confused_with": {
      "inform": 2
    }
  },
  "request_info": {
    "precision": 1.0,
    "recall": 0.3333333333333333,
    "f1-score": 0.5,
    "support": 3,
    "confused_with": {
      "inform": 2
    }
  },
  "greet": {
    "precision": 1.0,
    "recall": 0.3333333333333333,
    "f1-score": 0.5,
    "support": 3,
    "confused_with": {
      "inform": 2
    }
  },
  "thankyou": {
    "precision": 1.0,
    "recall": 1.0,
    "f1-score": 1.0,
    "support": 4,
    "confused_with": {}
  },
  "accuracy": 0.9256756756756757,
  "macro avg": {
    "precision": 0.9042288557213931,
    "recall": 0.6014444444444444,
    "f1-score": 0.6833976833976833,
    "support": 148
  },
  "weighted avg": {
    "precision": 0.9200786607503025,
    "recall": 0.9256756756756757,
    "f1-score": 0.9120056349786079,
    "support": 148
  }
}