{
  "deny": {
    "precision": 1.0,
    "recall": 1.0,
    "f1-score": 1.0,
    "support": 5,
    "confused_with": {}
  },
  "inform": {
    "precision": 0.9919354838709677,
    "recall": 0.984,
    "f1-score": 0.9879518072289156,
    "support": 125,
    "confused_with": {
      "affirm": 2
    }
  },
  "affirm": {
    "precision": 0.7777777777777778,
    "recall": 0.875,
    "f1-score": 0.823529411764706,
    "support": 8,
    "confused_with": {
      "inform": 1
    }
  },
  "request_info": {
    "precision": 1.0,
    "recall": 1.0,
    "f1-score": 1.0,
    "support": 3,
    "confused_with": {}
  },
  "greet": {
    "precision": 1.0,
    "recall": 1.0,
    "f1-score": 1.0,
    "support": 3,
    "confused_with": {}
  },
  "thankyou": {
    "precision": 1.0,
    "recall": 1.0,
    "f1-score": 1.0,
    "support": 4,
    "confused_with": {}
  },
  "accuracy": 0.9797297297297297,
  "macro avg": {
    "precision": 0.9616188769414576,
    "recall": 0.9765,
    "f1-score": 0.9685802031656037,
    "support": 148
  },
  "weighted avg": {
    "precision": 0.9811767412573865,
    "recall": 0.9797297297297297,
    "f1-score": 0.9802852107954872,
    "support": 148
  }
}